<?xml version="1.0" encoding="UTF-8"?>
<project-private xmlns="http://www.netbeans.org/ns/project-private/1">
    <editor-bookmarks xmlns="http://www.netbeans.org/ns/editor-bookmarks/2" lastBookmarkId="0"/>
    <open-files xmlns="http://www.netbeans.org/ns/projectui-open-files/2">
        <group>
            <file>file:/C:/Users/giaph/OneDrive/Documents/NetBeansProjects/New%20Folder/CE190872_LAB3/src/LAB3/BookManagement.java</file>
            <file>file:/C:/Users/giaph/OneDrive/Documents/NetBeansProjects/New%20Folder/CE190872_LAB3/src/LAB3/CE190872_LAB3.java</file>
            <file>file:/C:/Users/giaph/OneDrive/Documents/NetBeansProjects/New%20Folder/CE190872_LAB3/src/LAB3/EBook.java</file>
            <file>file:/C:/Users/giaph/OneDrive/Documents/NetBeansProjects/New%20Folder/CE190872_LAB3/src/LAB3/Book.java</file>
        </group>
    </open-files>
</project-private>
